Date,Date_ID,Year,Month,Day,Quarter,DayOfWeek
2022-08-17,1,2022,8,17,3,Wednesday
2022-02-21,2,2022,2,21,1,Monday
2023-07-18,3,2023,7,18,3,Tuesday
2023-05-17,4,2023,5,17,2,Wednesday
2023-04-03,5,2023,4,3,2,Monday
2022-10-13,6,2022,10,13,4,Thursday
2022-07-29,7,2022,7,29,3,Friday
2022-06-28,8,2022,6,28,2,Tuesday
2024-05-14,9,2024,5,14,2,Tuesday
2022-03-07,10,2022,3,7,1,Monday
2022-03-03,11,2022,3,3,1,Thursday
2022-07-11,12,2022,7,11,3,Monday
2023-03-24,13,2023,3,24,1,Friday
2023-04-22,14,2023,4,22,2,Saturday
2024-10-31,15,2024,10,31,4,Thursday
2022-02-24,16,2022,2,24,1,Thursday
2023-02-12,17,2023,2,12,1,Sunday
2024-05-09,18,2024,5,9,2,Thursday
2023-03-28,19,2023,3,28,1,Tuesday
2024-07-08,20,2024,7,8,3,Monday
2023-07-24,21,2023,7,24,3,Monday
2022-01-14,22,2022,1,14,1,Friday
2022-11-23,23,2022,11,23,4,Wednesday
2024-05-15,24,2024,5,15,2,Wednesday
2023-11-28,25,2023,11,28,4,Tuesday
2022-11-15,26,2022,11,15,4,Tuesday
2023-03-17,27,2023,3,17,1,Friday
2023-11-21,28,2023,11,21,4,Tuesday
2022-07-09,29,2022,7,9,3,Saturday
2024-02-18,30,2024,2,18,1,Sunday
2022-07-18,31,2022,7,18,3,Monday
2024-01-06,32,2024,1,6,1,Saturday
2023-12-06,33,2023,12,6,4,Wednesday
2023-06-26,34,2023,6,26,2,Monday
2022-03-30,35,2022,3,30,1,Wednesday
2024-07-29,36,2024,7,29,3,Monday
2022-09-13,37,2022,9,13,3,Tuesday
2024-02-15,38,2024,2,15,1,Thursday
2022-06-11,39,2022,6,11,2,Saturday
2023-08-24,40,2023,8,24,3,Thursday
2024-01-11,41,2024,1,11,1,Thursday
2023-01-29,42,2023,1,29,1,Sunday
2022-05-23,43,2022,5,23,2,Monday
2022-04-04,44,2022,4,4,2,Monday
2023-04-12,45,2023,4,12,2,Wednesday
2023-08-16,46,2023,8,16,3,Wednesday
2022-06-13,47,2022,6,13,2,Monday
2022-07-26,48,2022,7,26,3,Tuesday
2024-07-17,49,2024,7,17,3,Wednesday
2024-01-18,50,2024,1,18,1,Thursday
2022-11-30,51,2022,11,30,4,Wednesday
2024-01-29,52,2024,1,29,1,Monday
2023-12-29,53,2023,12,29,4,Friday
2023-03-06,54,2023,3,6,1,Monday
2023-07-01,55,2023,7,1,3,Saturday
2022-05-27,56,2022,5,27,2,Friday
2022-12-17,57,2022,12,17,4,Saturday
2024-12-29,58,2024,12,29,4,Sunday
2022-12-01,59,2022,12,1,4,Thursday
2024-08-04,60,2024,8,4,3,Sunday
2024-02-17,61,2024,2,17,1,Saturday
2023-07-07,62,2023,7,7,3,Friday
2023-03-26,63,2023,3,26,1,Sunday
2023-10-27,64,2023,10,27,4,Friday
2022-04-25,65,2022,4,25,2,Monday
2023-04-15,66,2023,4,15,2,Saturday
2023-10-09,67,2023,10,9,4,Monday
2024-04-01,68,2024,4,1,2,Monday
2023-07-03,69,2023,7,3,3,Monday
2022-05-16,70,2022,5,16,2,Monday
2023-03-09,71,2023,3,9,1,Thursday
2023-10-07,72,2023,10,7,4,Saturday
2023-03-12,73,2023,3,12,1,Sunday
2024-10-19,74,2024,10,19,4,Saturday
2024-03-21,75,2024,3,21,1,Thursday
2024-07-28,76,2024,7,28,3,Sunday
2022-10-20,77,2022,10,20,4,Thursday
2023-06-27,78,2023,6,27,2,Tuesday
2023-05-21,79,2023,5,21,2,Sunday
2023-06-23,80,2023,6,23,2,Friday
2024-05-27,81,2024,5,27,2,Monday
2024-03-28,82,2024,3,28,1,Thursday
2024-01-12,83,2024,1,12,1,Friday
2022-10-11,84,2022,10,11,4,Tuesday
2024-11-09,85,2024,11,9,4,Saturday
2024-10-07,86,2024,10,7,4,Monday
2022-07-06,87,2022,7,6,3,Wednesday
2022-04-07,88,2022,4,7,2,Thursday
2022-08-13,89,2022,8,13,3,Saturday
2022-11-10,90,2022,11,10,4,Thursday
2022-11-24,91,2022,11,24,4,Thursday
2022-05-11,92,2022,5,11,2,Wednesday
2024-02-28,93,2024,2,28,1,Wednesday
2024-02-21,94,2024,2,21,1,Wednesday
2024-08-16,95,2024,8,16,3,Friday
2024-12-19,96,2024,12,19,4,Thursday
2023-05-30,97,2023,5,30,2,Tuesday
2022-01-24,98,2022,1,24,1,Monday
2022-08-23,99,2022,8,23,3,Tuesday
2023-08-25,100,2023,8,25,3,Friday
2024-06-09,101,2024,6,9,2,Sunday
2022-11-20,102,2022,11,20,4,Sunday
2024-07-18,103,2024,7,18,3,Thursday
2022-01-07,104,2022,1,7,1,Friday
2023-06-24,105,2023,6,24,2,Saturday
2024-10-22,106,2024,10,22,4,Tuesday
2023-01-01,107,2023,1,1,1,Sunday
2024-11-05,108,2024,11,5,4,Tuesday
2022-08-06,109,2022,8,6,3,Saturday
2023-09-04,110,2023,9,4,3,Monday
2024-02-05,111,2024,2,5,1,Monday
2022-11-27,112,2022,11,27,4,Sunday
2024-12-22,113,2024,12,22,4,Sunday
2022-01-02,114,2022,1,2,1,Sunday
2023-10-26,115,2023,10,26,4,Thursday
2024-09-27,116,2024,9,27,3,Friday
2022-02-09,117,2022,2,9,1,Wednesday
2022-08-18,118,2022,8,18,3,Thursday
2024-01-14,119,2024,1,14,1,Sunday
2023-09-22,120,2023,9,22,3,Friday
2023-05-06,121,2023,5,6,2,Saturday
2022-04-29,122,2022,4,29,2,Friday
2023-05-09,123,2023,5,9,2,Tuesday
2022-06-25,124,2022,6,25,2,Saturday
2024-09-22,125,2024,9,22,3,Sunday
2022-05-22,126,2022,5,22,2,Sunday
2024-12-26,127,2024,12,26,4,Thursday
2022-09-15,128,2022,9,15,3,Thursday
2022-09-20,129,2022,9,20,3,Tuesday
2024-08-31,130,2024,8,31,3,Saturday
2022-12-05,131,2022,12,5,4,Monday
2024-12-16,132,2024,12,16,4,Monday
2024-05-16,133,2024,5,16,2,Thursday
2023-03-10,134,2023,3,10,1,Friday
2023-02-16,135,2023,2,16,1,Thursday
2023-10-01,136,2023,10,1,4,Sunday
2024-02-04,137,2024,2,4,1,Sunday
2024-06-16,138,2024,6,16,2,Sunday
2024-11-25,139,2024,11,25,4,Monday
2024-07-13,140,2024,7,13,3,Saturday
2022-09-05,141,2022,9,5,3,Monday
2023-05-23,142,2023,5,23,2,Tuesday
2023-04-06,143,2023,4,6,2,Thursday
2022-05-12,144,2022,5,12,2,Thursday
2023-11-24,145,2023,11,24,4,Friday
2022-02-13,146,2022,2,13,1,Sunday
2023-04-17,147,2023,4,17,2,Monday
2022-01-15,148,2022,1,15,1,Saturday
2022-05-26,149,2022,5,26,2,Thursday
2022-05-01,150,2022,5,1,2,Sunday
2023-04-14,151,2023,4,14,2,Friday
2022-05-19,152,2022,5,19,2,Thursday
2022-03-06,153,2022,3,6,1,Sunday
2023-11-08,154,2023,11,8,4,Wednesday
2024-11-18,155,2024,11,18,4,Monday
2023-05-03,156,2023,5,3,2,Wednesday
2023-07-25,157,2023,7,25,3,Tuesday
2024-09-21,158,2024,9,21,3,Saturday
2023-03-15,159,2023,3,15,1,Wednesday
2022-09-28,160,2022,9,28,3,Wednesday
2024-08-26,161,2024,8,26,3,Monday
2023-05-13,162,2023,5,13,2,Saturday
2024-04-13,163,2024,4,13,2,Saturday
2023-01-25,164,2023,1,25,1,Wednesday
2022-07-13,165,2022,7,13,3,Wednesday
2024-06-01,166,2024,6,1,2,Saturday
2023-12-27,167,2023,12,27,4,Wednesday
2024-05-17,168,2024,5,17,2,Friday
2024-04-21,169,2024,4,21,2,Sunday
2024-08-14,170,2024,8,14,3,Wednesday
2022-04-21,171,2022,4,21,2,Thursday
2022-07-21,172,2022,7,21,3,Thursday
2022-05-05,173,2022,5,5,2,Thursday
2024-04-04,174,2024,4,4,2,Thursday
2023-11-26,175,2023,11,26,4,Sunday
2022-08-12,176,2022,8,12,3,Friday
2023-05-25,177,2023,5,25,2,Thursday
2023-01-28,178,2023,1,28,1,Saturday
2024-07-07,179,2024,7,7,3,Sunday
2022-10-15,180,2022,10,15,4,Saturday
2023-01-11,181,2023,1,11,1,Wednesday
2024-08-05,182,2024,8,5,3,Monday
2023-05-27,183,2023,5,27,2,Saturday
2022-06-04,184,2022,6,4,2,Saturday
2024-06-26,185,2024,6,26,2,Wednesday
2022-07-20,186,2022,7,20,3,Wednesday
2022-04-14,187,2022,4,14,2,Thursday
2022-01-31,188,2022,1,31,1,Monday
2023-04-30,189,2023,4,30,2,Sunday
2022-12-07,190,2022,12,7,4,Wednesday
2024-04-12,191,2024,4,12,2,Friday
2024-09-12,192,2024,9,12,3,Thursday
2023-03-14,193,2023,3,14,1,Tuesday
2022-12-04,194,2022,12,4,4,Sunday
2024-02-16,195,2024,2,16,1,Friday
2022-01-05,196,2022,1,5,1,Wednesday
2024-03-10,197,2024,3,10,1,Sunday
2023-06-28,198,2023,6,28,2,Wednesday
2024-07-20,199,2024,7,20,3,Saturday
2023-08-08,200,2023,8,8,3,Tuesday
2024-09-23,201,2024,9,23,3,Monday
2022-11-14,202,2022,11,14,4,Monday
2023-01-24,203,2023,1,24,1,Tuesday
2023-08-31,204,2023,8,31,3,Thursday
2023-03-22,205,2023,3,22,1,Wednesday
2022-04-30,206,2022,4,30,2,Saturday
2023-10-05,207,2023,10,5,4,Thursday
2022-04-28,208,2022,4,28,2,Thursday
2022-04-13,209,2022,4,13,2,Wednesday
2024-09-03,210,2024,9,3,3,Tuesday
2024-10-26,211,2024,10,26,4,Saturday
2024-12-23,212,2024,12,23,4,Monday
2022-11-19,213,2022,11,19,4,Saturday
2022-04-27,214,2022,4,27,2,Wednesday
2024-11-06,215,2024,11,6,4,Wednesday
2022-06-14,216,2022,6,14,2,Tuesday
2023-01-16,217,2023,1,16,1,Monday
2022-05-21,218,2022,5,21,2,Saturday
2022-05-20,219,2022,5,20,2,Friday
2023-04-27,220,2023,4,27,2,Thursday
2024-04-06,221,2024,4,6,2,Saturday
2022-09-03,222,2022,9,3,3,Saturday
2023-05-20,223,2023,5,20,2,Saturday
2022-03-23,224,2022,3,23,1,Wednesday
2022-06-17,225,2022,6,17,2,Friday
2024-05-08,226,2024,5,8,2,Wednesday
2024-12-06,227,2024,12,6,4,Friday
2023-10-10,228,2023,10,10,4,Tuesday
2023-06-19,229,2023,6,19,2,Monday
2023-02-23,230,2023,2,23,1,Thursday
2023-10-06,231,2023,10,6,4,Friday
2023-05-04,232,2023,5,4,2,Thursday
2022-09-26,233,2022,9,26,3,Monday
2023-09-07,234,2023,9,7,3,Thursday
2024-07-25,235,2024,7,25,3,Thursday
2022-05-29,236,2022,5,29,2,Sunday
2022-01-20,237,2022,1,20,1,Thursday
2024-07-27,238,2024,7,27,3,Saturday
2022-07-24,239,2022,7,24,3,Sunday
2022-05-31,240,2022,5,31,2,Tuesday
2023-03-13,241,2023,3,13,1,Monday
2024-11-02,242,2024,11,2,4,Saturday
2022-09-29,243,2022,9,29,3,Thursday
2023-12-16,244,2023,12,16,4,Saturday
2023-05-16,245,2023,5,16,2,Tuesday
2024-01-27,246,2024,1,27,1,Saturday
2023-08-07,247,2023,8,7,3,Monday
2023-09-12,248,2023,9,12,3,Tuesday
2022-01-17,249,2022,1,17,1,Monday
2023-09-06,250,2023,9,6,3,Wednesday
2022-08-01,251,2022,8,1,3,Monday
2022-10-03,252,2022,10,3,4,Monday
2022-08-25,253,2022,8,25,3,Thursday
2022-08-08,254,2022,8,8,3,Monday
2023-07-12,255,2023,7,12,3,Wednesday
2023-08-01,256,2023,8,1,3,Tuesday
2023-03-08,257,2023,3,8,1,Wednesday
2023-12-04,258,2023,12,4,4,Monday
2023-02-21,259,2023,2,21,1,Tuesday
2023-06-25,260,2023,6,25,2,Sunday
2024-11-01,261,2024,11,1,4,Friday
2022-04-15,262,2022,4,15,2,Friday
2023-07-21,263,2023,7,21,3,Friday
2022-04-01,264,2022,4,1,2,Friday
2022-01-08,265,2022,1,8,1,Saturday
2023-11-15,266,2023,11,15,4,Wednesday
2022-09-25,267,2022,9,25,3,Sunday
2023-06-21,268,2023,6,21,2,Wednesday
2024-06-23,269,2024,6,23,2,Sunday
2024-05-25,270,2024,5,25,2,Saturday
2022-11-02,271,2022,11,2,4,Wednesday
2022-03-15,272,2022,3,15,1,Tuesday
2022-10-31,273,2022,10,31,4,Monday
2024-05-30,274,2024,5,30,2,Thursday
2022-09-19,275,2022,9,19,3,Monday
2022-03-27,276,2022,3,27,1,Sunday
2023-09-24,277,2023,9,24,3,Sunday
2024-01-17,278,2024,1,17,1,Wednesday
2024-01-03,279,2024,1,3,1,Wednesday
2023-03-07,280,2023,3,7,1,Tuesday
2022-07-30,281,2022,7,30,3,Saturday
2023-12-26,282,2023,12,26,4,Tuesday
2022-11-13,283,2022,11,13,4,Sunday
2022-11-29,284,2022,11,29,4,Tuesday
2022-12-29,285,2022,12,29,4,Thursday
2024-04-24,286,2024,4,24,2,Wednesday
2022-02-20,287,2022,2,20,1,Sunday
2023-01-03,288,2023,1,3,1,Tuesday
2023-11-12,289,2023,11,12,4,Sunday
2024-04-23,290,2024,4,23,2,Tuesday
2023-05-24,291,2023,5,24,2,Wednesday
2022-08-10,292,2022,8,10,3,Wednesday
2024-02-23,293,2024,2,23,1,Friday
2022-03-21,294,2022,3,21,1,Monday
2024-08-21,295,2024,8,21,3,Wednesday
2023-04-01,296,2023,4,1,2,Saturday
2023-02-13,297,2023,2,13,1,Monday
2024-07-31,298,2024,7,31,3,Wednesday
2023-12-18,299,2023,12,18,4,Monday
2023-09-18,300,2023,9,18,3,Monday
2023-04-02,301,2023,4,2,2,Sunday
2022-02-18,302,2022,2,18,1,Friday
2023-01-31,303,2023,1,31,1,Tuesday
2024-03-27,304,2024,3,27,1,Wednesday
2023-11-04,305,2023,11,4,4,Saturday
2023-07-26,306,2023,7,26,3,Wednesday
2023-12-21,307,2023,12,21,4,Thursday
2024-03-29,308,2024,3,29,1,Friday
2023-11-10,309,2023,11,10,4,Friday
2022-02-26,310,2022,2,26,1,Saturday
2022-03-20,311,2022,3,20,1,Sunday
2022-08-11,312,2022,8,11,3,Thursday
2024-06-08,313,2024,6,8,2,Saturday
2023-12-09,314,2023,12,9,4,Saturday
2024-06-12,315,2024,6,12,2,Wednesday
2024-11-13,316,2024,11,13,4,Wednesday
2023-06-06,317,2023,6,6,2,Tuesday
2022-01-04,318,2022,1,4,1,Tuesday
2024-11-30,319,2024,11,30,4,Saturday
2023-02-08,320,2023,2,8,1,Wednesday
2024-01-16,321,2024,1,16,1,Tuesday
2024-06-02,322,2024,6,2,2,Sunday
2022-05-24,323,2022,5,24,2,Tuesday
2023-09-08,324,2023,9,8,3,Friday
2024-11-04,325,2024,11,4,4,Monday
2023-09-26,326,2023,9,26,3,Tuesday
2024-04-16,327,2024,4,16,2,Tuesday
2023-10-31,328,2023,10,31,4,Tuesday
2023-08-29,329,2023,8,29,3,Tuesday
2022-09-18,330,2022,9,18,3,Sunday
2024-05-11,331,2024,5,11,2,Saturday
2022-12-23,332,2022,12,23,4,Friday
2023-09-09,333,2023,9,9,3,Saturday
2024-04-11,334,2024,4,11,2,Thursday
2022-01-01,335,2022,1,1,1,Saturday
2023-09-15,336,2023,9,15,3,Friday
2023-08-11,337,2023,8,11,3,Friday
2023-10-22,338,2023,10,22,4,Sunday
2024-08-10,339,2024,8,10,3,Saturday
2024-06-24,340,2024,6,24,2,Monday
2024-11-12,341,2024,11,12,4,Tuesday
2024-08-27,342,2024,8,27,3,Tuesday
2022-12-14,343,2022,12,14,4,Wednesday
2022-06-23,344,2022,6,23,2,Thursday
2023-08-05,345,2023,8,5,3,Saturday
2024-11-21,346,2024,11,21,4,Thursday
2023-11-18,347,2023,11,18,4,Saturday
2023-09-28,348,2023,9,28,3,Thursday
2022-10-29,349,2022,10,29,4,Saturday
2022-04-05,350,2022,4,5,2,Tuesday
2022-05-30,351,2022,5,30,2,Monday
2024-07-21,352,2024,7,21,3,Sunday
2024-04-28,353,2024,4,28,2,Sunday
2023-02-03,354,2023,2,3,1,Friday
2024-02-26,355,2024,2,26,1,Monday
2024-10-09,356,2024,10,9,4,Wednesday
2023-05-15,357,2023,5,15,2,Monday
2022-10-30,358,2022,10,30,4,Sunday
2022-01-12,359,2022,1,12,1,Wednesday
2022-08-07,360,2022,8,7,3,Sunday
2024-05-20,361,2024,5,20,2,Monday
2023-03-25,362,2023,3,25,1,Saturday
2022-12-27,363,2022,12,27,4,Tuesday
2024-11-26,364,2024,11,26,4,Tuesday
2024-08-09,365,2024,8,9,3,Friday
2023-05-26,366,2023,5,26,2,Friday
2022-09-06,367,2022,9,6,3,Tuesday
2024-07-23,368,2024,7,23,3,Tuesday
2022-10-01,369,2022,10,1,4,Saturday
2023-10-12,370,2023,10,12,4,Thursday
2024-06-25,371,2024,6,25,2,Tuesday
2024-10-30,372,2024,10,30,4,Wednesday
2024-05-23,373,2024,5,23,2,Thursday
2024-07-02,374,2024,7,2,3,Tuesday
2022-11-22,375,2022,11,22,4,Tuesday
2024-08-30,376,2024,8,30,3,Friday
2024-07-10,377,2024,7,10,3,Wednesday
2023-06-15,378,2023,6,15,2,Thursday
2023-05-22,379,2023,5,22,2,Monday
2023-07-22,380,2023,7,22,3,Saturday
2024-12-03,381,2024,12,3,4,Tuesday
2024-09-19,382,2024,9,19,3,Thursday
2023-05-05,383,2023,5,5,2,Friday
2023-07-17,384,2023,7,17,3,Monday
2024-06-19,385,2024,6,19,2,Wednesday
2022-06-08,386,2022,6,8,2,Wednesday
2023-08-09,387,2023,8,9,3,Wednesday
2023-04-26,388,2023,4,26,2,Wednesday
2023-07-11,389,2023,7,11,3,Tuesday
2023-11-19,390,2023,11,19,4,Sunday
2023-10-17,391,2023,10,17,4,Tuesday
2022-06-15,392,2022,6,15,2,Wednesday
2022-11-05,393,2022,11,5,4,Saturday
2023-04-19,394,2023,4,19,2,Wednesday
2024-02-24,395,2024,2,24,1,Saturday
2022-11-09,396,2022,11,9,4,Wednesday
2024-04-29,397,2024,4,29,2,Monday
2024-04-14,398,2024,4,14,2,Sunday
2023-11-09,399,2023,11,9,4,Thursday
2024-08-12,400,2024,8,12,3,Monday
2024-05-01,401,2024,5,1,2,Wednesday
2022-05-08,402,2022,5,8,2,Sunday
2023-02-28,403,2023,2,28,1,Tuesday
2024-05-10,404,2024,5,10,2,Friday
2024-03-08,405,2024,3,8,1,Friday
2022-02-10,406,2022,2,10,1,Thursday
2024-02-19,407,2024,2,19,1,Monday
2022-01-13,408,2022,1,13,1,Thursday
2023-12-22,409,2023,12,22,4,Friday
2024-03-09,410,2024,3,9,1,Saturday
2024-09-26,411,2024,9,26,3,Thursday
2023-07-13,412,2023,7,13,3,Thursday
2024-06-11,413,2024,6,11,2,Tuesday
2022-03-01,414,2022,3,1,1,Tuesday
2024-03-07,415,2024,3,7,1,Thursday
2023-11-20,416,2023,11,20,4,Monday
2024-04-08,417,2024,4,8,2,Monday
2024-08-15,418,2024,8,15,3,Thursday
2022-02-25,419,2022,2,25,1,Friday
2024-03-17,420,2024,3,17,1,Sunday
2022-06-21,421,2022,6,21,2,Tuesday
2022-10-05,422,2022,10,5,4,Wednesday
2024-08-03,423,2024,8,3,3,Saturday
2023-01-08,424,2023,1,8,1,Sunday
2023-06-17,425,2023,6,17,2,Saturday
2023-11-02,426,2023,11,2,4,Thursday
2023-11-01,427,2023,11,1,4,Wednesday
2023-11-23,428,2023,11,23,4,Thursday
2024-05-13,429,2024,5,13,2,Monday
2023-06-01,430,2023,6,1,2,Thursday
2022-04-17,431,2022,4,17,2,Sunday
2023-04-05,432,2023,4,5,2,Wednesday
2022-03-24,433,2022,3,24,1,Thursday
2022-03-05,434,2022,3,5,1,Saturday
2022-02-11,435,2022,2,11,1,Friday
2022-09-16,436,2022,9,16,3,Friday
2023-03-23,437,2023,3,23,1,Thursday
2023-06-09,438,2023,6,9,2,Friday
2024-01-26,439,2024,1,26,1,Friday
2022-12-10,440,2022,12,10,4,Saturday
2022-12-02,441,2022,12,2,4,Friday
2023-09-30,442,2023,9,30,3,Saturday
2022-02-22,443,2022,2,22,1,Tuesday
2024-02-08,444,2024,2,8,1,Thursday
2024-03-23,445,2024,3,23,1,Saturday
2023-02-11,446,2023,2,11,1,Saturday
2022-06-05,447,2022,6,5,2,Sunday
2022-07-28,448,2022,7,28,3,Thursday
2023-09-10,449,2023,9,10,3,Sunday
2022-03-26,450,2022,3,26,1,Saturday
2023-12-13,451,2023,12,13,4,Wednesday
2024-12-27,452,2024,12,27,4,Friday
2023-11-30,453,2023,11,30,4,Thursday
2022-01-26,454,2022,1,26,1,Wednesday
2024-09-30,455,2024,9,30,3,Monday
2022-08-05,456,2022,8,5,3,Friday
2024-06-06,457,2024,6,6,2,Thursday
2024-07-30,458,2024,7,30,3,Tuesday
2024-06-10,459,2024,6,10,2,Monday
2024-12-04,460,2024,12,4,4,Wednesday
2023-07-08,461,2023,7,8,3,Saturday
2024-09-17,462,2024,9,17,3,Tuesday
2023-07-04,463,2023,7,4,3,Tuesday
2023-10-23,464,2023,10,23,4,Monday
2023-05-18,465,2023,5,18,2,Thursday
2022-06-27,466,2022,6,27,2,Monday
2024-07-12,467,2024,7,12,3,Friday
2022-02-28,468,2022,2,28,1,Monday
2023-10-28,469,2023,10,28,4,Saturday
2024-09-25,470,2024,9,25,3,Wednesday
2023-03-11,471,2023,3,11,1,Saturday
2023-12-28,472,2023,12,28,4,Thursday
2023-06-14,473,2023,6,14,2,Wednesday
2023-11-29,474,2023,11,29,4,Wednesday
2023-07-27,475,2023,7,27,3,Thursday
2023-07-20,476,2023,7,20,3,Thursday
2022-01-21,477,2022,1,21,1,Friday
2024-11-24,478,2024,11,24,4,Sunday
2023-01-27,479,2023,1,27,1,Friday
2023-05-10,480,2023,5,10,2,Wednesday
2023-05-08,481,2023,5,8,2,Monday
2024-09-02,482,2024,9,2,3,Monday
2024-10-02,483,2024,10,2,4,Wednesday
2024-07-06,484,2024,7,6,3,Saturday
2022-02-05,485,2022,2,5,1,Saturday
2022-07-10,486,2022,7,10,3,Sunday
2023-08-26,487,2023,8,26,3,Saturday
2023-03-30,488,2023,3,30,1,Thursday
2023-05-14,489,2023,5,14,2,Sunday
2023-09-20,490,2023,9,20,3,Wednesday
2024-05-21,491,2024,5,21,2,Tuesday
2023-07-09,492,2023,7,9,3,Sunday
2023-04-18,493,2023,4,18,2,Tuesday
2023-01-30,494,2023,1,30,1,Monday
2022-09-02,495,2022,9,2,3,Friday
2023-01-15,496,2023,1,15,1,Sunday
2023-03-20,497,2023,3,20,1,Monday
2024-09-18,498,2024,9,18,3,Wednesday
2024-12-10,499,2024,12,10,4,Tuesday
2023-08-03,500,2023,8,3,3,Thursday
2022-07-25,501,2022,7,25,3,Monday
2023-02-02,502,2023,2,2,1,Thursday
2023-08-30,503,2023,8,30,3,Wednesday
2023-04-11,504,2023,4,11,2,Tuesday
2024-01-10,505,2024,1,10,1,Wednesday
2022-01-29,506,2022,1,29,1,Saturday
2022-09-17,507,2022,9,17,3,Saturday
2023-07-16,508,2023,7,16,3,Sunday
2022-04-22,509,2022,4,22,2,Friday
2023-08-22,510,2023,8,22,3,Tuesday
2023-08-06,511,2023,8,6,3,Sunday
2024-08-19,512,2024,8,19,3,Monday
2024-09-07,513,2024,9,7,3,Saturday
2024-06-21,514,2024,6,21,2,Friday
2023-01-13,515,2023,1,13,1,Friday
2022-04-16,516,2022,4,16,2,Saturday
2023-06-02,517,2023,6,2,2,Friday
2024-09-05,518,2024,9,5,3,Thursday
2022-08-22,519,2022,8,22,3,Monday
2022-05-14,520,2022,5,14,2,Saturday
2024-03-31,521,2024,3,31,1,Sunday
2024-10-04,522,2024,10,4,4,Friday
2022-06-01,523,2022,6,1,2,Wednesday
2022-04-20,524,2022,4,20,2,Wednesday
2022-11-07,525,2022,11,7,4,Monday
2022-06-24,526,2022,6,24,2,Friday
2022-08-31,527,2022,8,31,3,Wednesday
2024-05-02,528,2024,5,2,2,Thursday
2023-04-08,529,2023,4,8,2,Saturday
2024-07-11,530,2024,7,11,3,Thursday
2023-09-01,531,2023,9,1,3,Friday
2024-05-28,532,2024,5,28,2,Tuesday
2022-05-04,533,2022,5,4,2,Wednesday
2022-07-23,534,2022,7,23,3,Saturday
2023-03-02,535,2023,3,2,1,Thursday
2022-06-16,536,2022,6,16,2,Thursday
2022-11-18,537,2022,11,18,4,Friday
2023-05-07,538,2023,5,7,2,Sunday
2022-12-22,539,2022,12,22,4,Thursday
2022-06-03,540,2022,6,3,2,Friday
2022-11-17,541,2022,11,17,4,Thursday
2022-01-06,542,2022,1,6,1,Thursday
2024-08-20,543,2024,8,20,3,Tuesday
2023-08-20,544,2023,8,20,3,Sunday
2022-03-08,545,2022,3,8,1,Tuesday
2023-04-20,546,2023,4,20,2,Thursday
2023-08-14,547,2023,8,14,3,Monday
2023-04-24,548,2023,4,24,2,Monday
2023-02-10,549,2023,2,10,1,Friday
2022-08-24,550,2022,8,24,3,Wednesday
2023-06-29,551,2023,6,29,2,Thursday
2022-10-19,552,2022,10,19,4,Wednesday
2022-05-03,553,2022,5,3,2,Tuesday
2022-12-06,554,2022,12,6,4,Tuesday
2023-08-15,555,2023,8,15,3,Tuesday
2024-06-18,556,2024,6,18,2,Tuesday
2022-09-12,557,2022,9,12,3,Monday
2024-08-17,558,2024,8,17,3,Saturday
2024-10-21,559,2024,10,21,4,Monday
2024-10-08,560,2024,10,8,4,Tuesday
2024-06-15,561,2024,6,15,2,Saturday
2024-06-03,562,2024,6,3,2,Monday
2023-05-28,563,2023,5,28,2,Sunday
2022-07-07,564,2022,7,7,3,Thursday
2022-02-12,565,2022,2,12,1,Saturday
2023-07-06,566,2023,7,6,3,Thursday
2022-12-25,567,2022,12,25,4,Sunday
2024-11-28,568,2024,11,28,4,Thursday
2023-01-07,569,2023,1,7,1,Saturday
2023-12-14,570,2023,12,14,4,Thursday
2023-11-14,571,2023,11,14,4,Tuesday
2023-10-20,572,2023,10,20,4,Friday
2022-08-03,573,2022,8,3,3,Wednesday
2022-11-26,574,2022,11,26,4,Saturday
2023-11-07,575,2023,11,7,4,Tuesday
2024-10-11,576,2024,10,11,4,Friday
2022-03-17,577,2022,3,17,1,Thursday
2022-06-30,578,2022,6,30,2,Thursday
2023-10-25,579,2023,10,25,4,Wednesday
2022-08-26,580,2022,8,26,3,Friday
2024-04-07,581,2024,4,7,2,Sunday
2024-11-19,582,2024,11,19,4,Tuesday
2022-01-03,583,2022,1,3,1,Monday
2024-04-26,584,2024,4,26,2,Friday
2023-01-20,585,2023,1,20,1,Friday
2024-11-27,586,2024,11,27,4,Wednesday
2024-10-17,587,2024,10,17,4,Thursday
2023-08-13,588,2023,8,13,3,Sunday
2022-11-21,589,2022,11,21,4,Monday
2023-09-29,590,2023,9,29,3,Friday
2024-04-15,591,2024,4,15,2,Monday
2022-08-21,592,2022,8,21,3,Sunday
2022-08-29,593,2022,8,29,3,Monday
2022-11-12,594,2022,11,12,4,Saturday
2023-08-21,595,2023,8,21,3,Monday
2024-11-08,596,2024,11,8,4,Friday
2023-07-14,597,2023,7,14,3,Friday
2024-04-30,598,2024,4,30,2,Tuesday
2024-09-15,599,2024,9,15,3,Sunday
2024-08-25,600,2024,8,25,3,Sunday
2024-07-24,601,2024,7,24,3,Wednesday
2022-10-24,602,2022,10,24,4,Monday
2024-02-25,603,2024,2,25,1,Sunday
2023-01-26,604,2023,1,26,1,Thursday
2022-10-07,605,2022,10,7,4,Friday
2023-07-02,606,2023,7,2,3,Sunday
2024-09-29,607,2024,9,29,3,Sunday
2022-11-01,608,2022,11,1,4,Tuesday
2024-07-03,609,2024,7,3,3,Wednesday
2023-12-08,610,2023,12,8,4,Friday
2024-02-12,611,2024,2,12,1,Monday
2023-01-22,612,2023,1,22,1,Sunday
2022-03-31,613,2022,3,31,1,Thursday
2023-10-14,614,2023,10,14,4,Saturday
2024-02-20,615,2024,2,20,1,Tuesday
2024-03-01,616,2024,3,1,1,Friday
2022-11-08,617,2022,11,8,4,Tuesday
2024-10-25,618,2024,10,25,4,Friday
2023-11-11,619,2023,11,11,4,Saturday
2024-06-20,620,2024,6,20,2,Thursday
2024-12-13,621,2024,12,13,4,Friday
2022-02-01,622,2022,2,1,1,Tuesday
2022-10-23,623,2022,10,23,4,Sunday
2024-04-19,624,2024,4,19,2,Friday
2023-11-25,625,2023,11,25,4,Saturday
2024-03-25,626,2024,3,25,1,Monday
2024-12-28,627,2024,12,28,4,Saturday
2023-10-11,628,2023,10,11,4,Wednesday
2023-08-12,629,2023,8,12,3,Saturday
2022-07-05,630,2022,7,5,3,Tuesday
2024-06-07,631,2024,6,7,2,Friday
2024-06-27,632,2024,6,27,2,Thursday
2024-01-05,633,2024,1,5,1,Friday
2024-02-07,634,2024,2,7,1,Wednesday
2022-10-26,635,2022,10,26,4,Wednesday
2023-01-04,636,2023,1,4,1,Wednesday
2022-12-15,637,2022,12,15,4,Thursday
2024-10-16,638,2024,10,16,4,Wednesday
2022-10-21,639,2022,10,21,4,Friday
2023-04-21,640,2023,4,21,2,Friday
2024-08-02,641,2024,8,2,3,Friday
2023-06-05,642,2023,6,5,2,Monday
2023-06-07,643,2023,6,7,2,Wednesday
2023-09-05,644,2023,9,5,3,Tuesday
2024-05-18,645,2024,5,18,2,Saturday
2023-09-11,646,2023,9,11,3,Monday
2024-02-27,647,2024,2,27,1,Tuesday
2024-09-16,648,2024,9,16,3,Monday
2023-05-01,649,2023,5,1,2,Monday
2023-08-28,650,2023,8,28,3,Monday
2022-02-14,651,2022,2,14,1,Monday
2022-04-11,652,2022,4,11,2,Monday
2024-10-14,653,2024,10,14,4,Monday
2023-08-10,654,2023,8,10,3,Thursday
2023-12-23,655,2023,12,23,4,Saturday
2023-05-29,656,2023,5,29,2,Monday
2022-10-08,657,2022,10,8,4,Saturday
2022-03-22,658,2022,3,22,1,Tuesday
2023-09-25,659,2023,9,25,3,Monday
2022-03-10,660,2022,3,10,1,Thursday
2022-09-27,661,2022,9,27,3,Tuesday
2022-07-04,662,2022,7,4,3,Monday
2022-12-26,663,2022,12,26,4,Monday
2024-01-20,664,2024,1,20,1,Saturday
2024-10-24,665,2024,10,24,4,Thursday
2022-12-03,666,2022,12,3,4,Saturday
2023-06-11,667,2023,6,11,2,Sunday
2024-09-13,668,2024,9,13,3,Friday
2022-10-16,669,2022,10,16,4,Sunday
2024-03-24,670,2024,3,24,1,Sunday
2024-03-19,671,2024,3,19,1,Tuesday
2022-09-11,672,2022,9,11,3,Sunday
2024-01-25,673,2024,1,25,1,Thursday
2024-01-31,674,2024,1,31,1,Wednesday
2024-08-23,675,2024,8,23,3,Friday
2023-11-03,676,2023,11,3,4,Friday
2022-05-10,677,2022,5,10,2,Tuesday
2024-08-08,678,2024,8,8,3,Thursday
2022-08-27,679,2022,8,27,3,Saturday
2022-10-14,680,2022,10,14,4,Friday
2022-04-03,681,2022,4,3,2,Sunday
2022-03-18,682,2022,3,18,1,Friday
2023-09-16,683,2023,9,16,3,Saturday
2024-10-05,684,2024,10,5,4,Saturday
2022-07-19,685,2022,7,19,3,Tuesday
2024-03-06,686,2024,3,6,1,Wednesday
2024-01-30,687,2024,1,30,1,Tuesday
2022-07-22,688,2022,7,22,3,Friday
2022-03-09,689,2022,3,9,1,Wednesday
2023-03-21,690,2023,3,21,1,Tuesday
2024-06-29,691,2024,6,29,2,Saturday
2023-04-29,692,2023,4,29,2,Saturday
2024-01-13,693,2024,1,13,1,Saturday
2024-01-23,694,2024,1,23,1,Tuesday
2024-03-26,695,2024,3,26,1,Tuesday
2022-09-08,696,2022,9,8,3,Thursday
2023-02-25,697,2023,2,25,1,Saturday
2023-03-01,698,2023,3,1,1,Wednesday
2023-03-19,699,2023,3,19,1,Sunday
2023-04-23,700,2023,4,23,2,Sunday
2022-09-24,701,2022,9,24,3,Saturday
2022-12-24,702,2022,12,24,4,Saturday
2022-08-14,703,2022,8,14,3,Sunday
2024-01-04,704,2024,1,4,1,Thursday
2022-02-02,705,2022,2,2,1,Wednesday
2022-04-18,706,2022,4,18,2,Monday
2024-05-12,707,2024,5,12,2,Sunday
2024-11-17,708,2024,11,17,4,Sunday
2024-07-14,709,2024,7,14,3,Sunday
2024-10-28,710,2024,10,28,4,Monday
2024-04-02,711,2024,4,2,2,Tuesday
2024-10-01,712,2024,10,1,4,Tuesday
2022-05-15,713,2022,5,15,2,Sunday
2023-08-27,714,2023,8,27,3,Sunday
2024-05-31,715,2024,5,31,2,Friday
2023-04-13,716,2023,4,13,2,Thursday
2024-04-27,717,2024,4,27,2,Saturday
2022-07-14,718,2022,7,14,3,Thursday
2023-10-03,719,2023,10,3,4,Tuesday
2024-05-24,720,2024,5,24,2,Friday
2024-02-06,721,2024,2,6,1,Tuesday
2024-08-29,722,2024,8,29,3,Thursday
2022-05-18,723,2022,5,18,2,Wednesday
2022-07-17,724,2022,7,17,3,Sunday
2024-02-03,725,2024,2,3,1,Saturday
2023-10-02,726,2023,10,2,4,Monday
2024-09-14,727,2024,9,14,3,Saturday
2023-12-19,728,2023,12,19,4,Tuesday
2023-04-09,729,2023,4,9,2,Sunday
2022-02-23,730,2022,2,23,1,Wednesday
2023-01-05,731,2023,1,5,1,Thursday
2023-11-27,732,2023,11,27,4,Monday
2023-12-20,733,2023,12,20,4,Wednesday
2022-10-18,734,2022,10,18,4,Tuesday
2022-03-04,735,2022,3,4,1,Friday
2024-02-10,736,2024,2,10,1,Saturday
2024-01-28,737,2024,1,28,1,Sunday
2022-04-12,738,2022,4,12,2,Tuesday
2023-03-18,739,2023,3,18,1,Saturday
2024-11-15,740,2024,11,15,4,Friday
2022-08-16,741,2022,8,16,3,Tuesday
2023-08-04,742,2023,8,4,3,Friday
2024-12-15,743,2024,12,15,4,Sunday
2024-03-20,744,2024,3,20,1,Wednesday
2022-04-23,745,2022,4,23,2,Saturday
2022-01-16,746,2022,1,16,1,Sunday
2022-10-09,747,2022,10,9,4,Sunday
2023-06-08,748,2023,6,8,2,Thursday
2024-10-15,749,2024,10,15,4,Tuesday
2022-09-22,750,2022,9,22,3,Thursday
2022-05-28,751,2022,5,28,2,Saturday
2022-03-28,752,2022,3,28,1,Monday
2022-02-08,753,2022,2,8,1,Tuesday
2022-06-09,754,2022,6,9,2,Thursday
2023-10-04,755,2023,10,4,4,Wednesday
2024-05-29,756,2024,5,29,2,Wednesday
2024-05-05,757,2024,5,5,2,Sunday
2024-04-09,758,2024,4,9,2,Tuesday
2022-12-18,759,2022,12,18,4,Sunday
2024-06-13,760,2024,6,13,2,Thursday
2024-12-09,761,2024,12,9,4,Monday
2022-12-11,762,2022,12,11,4,Sunday
2022-06-06,763,2022,6,6,2,Monday
2024-11-11,764,2024,11,11,4,Monday
2024-11-10,765,2024,11,10,4,Sunday
2023-12-17,766,2023,12,17,4,Sunday
2022-10-27,767,2022,10,27,4,Thursday
2023-02-09,768,2023,2,9,1,Thursday
2023-10-24,769,2023,10,24,4,Tuesday
2022-11-06,770,2022,11,6,4,Sunday
2024-08-18,771,2024,8,18,3,Sunday
2023-09-13,772,2023,9,13,3,Wednesday
2022-04-26,773,2022,4,26,2,Tuesday
2022-03-19,774,2022,3,19,1,Saturday
2022-06-07,775,2022,6,7,2,Tuesday
2023-01-21,776,2023,1,21,1,Saturday
2023-10-21,777,2023,10,21,4,Saturday
2024-09-01,778,2024,9,1,3,Sunday
2024-10-23,779,2024,10,23,4,Wednesday
2022-05-07,780,2022,5,7,2,Saturday
2022-07-31,781,2022,7,31,3,Sunday
2023-12-05,782,2023,12,5,4,Tuesday
2022-06-22,783,2022,6,22,2,Wednesday
2022-12-20,784,2022,12,20,4,Tuesday
2024-03-04,785,2024,3,4,1,Monday
2024-04-17,786,2024,4,17,2,Wednesday
2023-11-17,787,2023,11,17,4,Friday
2024-03-02,788,2024,3,2,1,Saturday
2022-11-04,789,2022,11,4,4,Friday
2022-10-17,790,2022,10,17,4,Monday
2024-03-13,791,2024,3,13,1,Wednesday
2023-09-27,792,2023,9,27,3,Wednesday
2024-02-11,793,2024,2,11,1,Sunday
2024-12-14,794,2024,12,14,4,Saturday
2024-11-07,795,2024,11,7,4,Thursday
2022-02-07,796,2022,2,7,1,Monday
2023-12-01,797,2023,12,1,4,Friday
2022-07-27,798,2022,7,27,3,Wednesday
2023-01-06,799,2023,1,6,1,Friday
2023-05-02,800,2023,5,2,2,Tuesday
2024-06-28,801,2024,6,28,2,Friday
2023-04-25,802,2023,4,25,2,Tuesday
2024-01-24,803,2024,1,24,1,Wednesday
2024-02-22,804,2024,2,22,1,Thursday
2024-05-07,805,2024,5,7,2,Tuesday
2022-11-28,806,2022,11,28,4,Monday
2024-09-11,807,2024,9,11,3,Wednesday
2024-11-22,808,2024,11,22,4,Friday
2022-11-25,809,2022,11,25,4,Friday
2024-07-09,810,2024,7,9,3,Tuesday
2024-06-14,811,2024,6,14,2,Friday
2023-03-31,812,2023,3,31,1,Friday
2024-03-22,813,2024,3,22,1,Friday
2023-04-28,814,2023,4,28,2,Friday
2022-02-27,815,2022,2,27,1,Sunday
2023-10-15,816,2023,10,15,4,Sunday
2022-10-12,817,2022,10,12,4,Wednesday
2022-01-11,818,2022,1,11,1,Tuesday
2022-06-12,819,2022,6,12,2,Sunday
2022-11-03,820,2022,11,3,4,Thursday
2022-09-07,821,2022,9,7,3,Wednesday
2022-04-08,822,2022,4,8,2,Friday
2022-05-09,823,2022,5,9,2,Monday
2024-10-20,824,2024,10,20,4,Sunday
2022-02-03,825,2022,2,3,1,Thursday
2023-05-11,826,2023,5,11,2,Thursday
2022-10-22,827,2022,10,22,4,Saturday
2023-12-24,828,2023,12,24,4,Sunday
2024-05-03,829,2024,5,3,2,Friday
2023-01-19,830,2023,1,19,1,Thursday
2024-12-08,831,2024,12,8,4,Sunday
2024-01-09,832,2024,1,9,1,Tuesday
2024-03-03,833,2024,3,3,1,Sunday
2023-06-04,834,2023,6,4,2,Sunday
2024-01-02,835,2024,1,2,1,Tuesday
2023-01-09,836,2023,1,9,1,Monday
2022-10-04,837,2022,10,4,4,Tuesday
2024-07-26,838,2024,7,26,3,Friday
2023-02-17,839,2023,2,17,1,Friday
2023-06-03,840,2023,6,3,2,Saturday
2022-03-16,841,2022,3,16,1,Wednesday
2024-03-30,842,2024,3,30,1,Saturday
2023-01-18,843,2023,1,18,1,Wednesday
2024-10-13,844,2024,10,13,4,Sunday
2024-11-29,845,2024,11,29,4,Friday
2022-06-19,846,2022,6,19,2,Sunday
2024-05-19,847,2024,5,19,2,Sunday
2024-05-22,848,2024,5,22,2,Wednesday
2022-12-08,849,2022,12,8,4,Thursday
2024-07-04,850,2024,7,4,3,Thursday
2024-01-15,851,2024,1,15,1,Monday
2024-11-16,852,2024,11,16,4,Saturday
2022-03-13,853,2022,3,13,1,Sunday
2024-01-21,854,2024,1,21,1,Sunday
2022-11-11,855,2022,11,11,4,Friday
2024-02-01,856,2024,2,1,1,Thursday
2024-12-20,857,2024,12,20,4,Friday
2024-01-22,858,2024,1,22,1,Monday
2023-01-17,859,2023,1,17,1,Tuesday
2022-08-30,860,2022,8,30,3,Tuesday
2023-06-18,861,2023,6,18,2,Sunday
2023-03-16,862,2023,3,16,1,Thursday
2023-02-14,863,2023,2,14,1,Tuesday
2022-09-09,864,2022,9,9,3,Friday
2024-06-30,865,2024,6,30,2,Sunday
2022-06-29,866,2022,6,29,2,Wednesday
2022-05-13,867,2022,5,13,2,Friday
2023-08-18,868,2023,8,18,3,Friday
2022-09-23,869,2022,9,23,3,Friday
2022-06-26,870,2022,6,26,2,Sunday
2024-12-12,871,2024,12,12,4,Thursday
2024-04-18,872,2024,4,18,2,Thursday
2022-09-14,873,2022,9,14,3,Wednesday
2023-12-07,874,2023,12,7,4,Thursday
2024-06-05,875,2024,6,5,2,Wednesday
2022-04-24,876,2022,4,24,2,Sunday
2023-04-07,877,2023,4,7,2,Friday
2023-12-10,878,2023,12,10,4,Sunday
2023-02-07,879,2023,2,7,1,Tuesday
2022-12-12,880,2022,12,12,4,Monday
2023-08-17,881,2023,8,17,3,Thursday
2023-09-02,882,2023,9,2,3,Saturday
2023-02-22,883,2023,2,22,1,Wednesday
2023-10-16,884,2023,10,16,4,Monday
2024-11-20,885,2024,11,20,4,Wednesday
2024-08-13,886,2024,8,13,3,Tuesday
2024-05-06,887,2024,5,6,2,Monday
2024-10-18,888,2024,10,18,4,Friday
2022-02-17,889,2022,2,17,1,Thursday
2024-03-16,890,2024,3,16,1,Saturday
2022-04-10,891,2022,4,10,2,Sunday
2023-07-31,892,2023,7,31,3,Monday
2024-10-10,893,2024,10,10,4,Thursday
2022-08-09,894,2022,8,9,3,Tuesday
2022-10-02,895,2022,10,2,4,Sunday
2024-04-05,896,2024,4,5,2,Friday
2024-10-29,897,2024,10,29,4,Tuesday
2022-09-01,898,2022,9,1,3,Thursday
2022-09-21,899,2022,9,21,3,Wednesday
2024-01-19,900,2024,1,19,1,Friday
2024-08-28,901,2024,8,28,3,Wednesday
2024-03-15,902,2024,3,15,1,Friday
2022-02-04,903,2022,2,4,1,Friday
2023-09-23,904,2023,9,23,3,Saturday
2024-09-10,905,2024,9,10,3,Tuesday
2022-12-16,906,2022,12,16,4,Friday
2023-05-12,907,2023,5,12,2,Friday
2024-06-22,908,2024,6,22,2,Saturday
2024-04-25,909,2024,4,25,2,Thursday
2024-04-20,910,2024,4,20,2,Saturday
2022-10-10,911,2022,10,10,4,Monday
2024-09-06,912,2024,9,6,3,Friday
2022-12-21,913,2022,12,21,4,Wednesday
2023-12-03,914,2023,12,3,4,Sunday
2024-09-28,915,2024,9,28,3,Saturday
2024-09-09,916,2024,9,9,3,Monday
2023-07-15,917,2023,7,15,3,Saturday
2023-12-11,918,2023,12,11,4,Monday
2023-06-10,919,2023,6,10,2,Saturday
2024-09-08,920,2024,9,8,3,Sunday
2023-02-18,921,2023,2,18,1,Saturday
2023-07-10,922,2023,7,10,3,Monday
2024-09-04,923,2024,9,4,3,Wednesday
2022-05-02,924,2022,5,2,2,Monday
2022-07-03,925,2022,7,3,3,Sunday
2024-12-31,926,2024,12,31,4,Tuesday
2022-01-19,927,2022,1,19,1,Wednesday
2024-07-19,928,2024,7,19,3,Friday
2022-08-19,929,2022,8,19,3,Friday
2023-11-22,930,2023,11,22,4,Wednesday
2024-04-10,931,2024,4,10,2,Wednesday
2022-07-15,932,2022,7,15,3,Friday
2023-01-14,933,2023,1,14,1,Saturday
2023-06-20,934,2023,6,20,2,Tuesday
2024-01-07,935,2024,1,7,1,Sunday
2024-08-11,936,2024,8,11,3,Sunday
2023-09-21,937,2023,9,21,3,Thursday
2023-03-29,938,2023,3,29,1,Wednesday
2024-08-22,939,2024,8,22,3,Thursday
2024-12-17,940,2024,12,17,4,Tuesday
2023-02-19,941,2023,2,19,1,Sunday
2024-12-01,942,2024,12,1,4,Sunday
2024-07-01,943,2024,7,1,3,Monday
2024-08-24,944,2024,8,24,3,Saturday
2024-02-13,945,2024,2,13,1,Tuesday
2024-02-09,946,2024,2,9,1,Friday
2022-09-30,947,2022,9,30,3,Friday
2022-02-16,948,2022,2,16,1,Wednesday
2024-08-06,949,2024,8,6,3,Tuesday
2024-12-25,950,2024,12,25,4,Wednesday
2023-04-16,951,2023,4,16,2,Sunday
2024-08-01,952,2024,8,1,3,Thursday
2023-07-19,953,2023,7,19,3,Wednesday
2022-08-20,954,2022,8,20,3,Saturday
2023-02-27,955,2023,2,27,1,Monday
2024-04-03,956,2024,4,3,2,Wednesday
2024-06-17,957,2024,6,17,2,Monday
2023-10-19,958,2023,10,19,4,Thursday
2024-10-12,959,2024,10,12,4,Saturday
2023-01-12,960,2023,1,12,1,Thursday
2024-12-21,961,2024,12,21,4,Saturday
2025-01-01,962,2025,1,1,1,Wednesday
2023-03-04,963,2023,3,4,1,Saturday
2023-11-13,964,2023,11,13,4,Monday
2023-10-18,965,2023,10,18,4,Wednesday
2023-02-06,966,2023,2,6,1,Monday
2023-05-19,967,2023,5,19,2,Friday
2023-06-12,968,2023,6,12,2,Monday
2022-12-13,969,2022,12,13,4,Tuesday
2022-03-11,970,2022,3,11,1,Friday
2022-06-02,971,2022,6,2,2,Thursday
2024-07-22,972,2024,7,22,3,Monday
2024-04-22,973,2024,4,22,2,Monday
2022-01-25,974,2022,1,25,1,Tuesday
2022-03-29,975,2022,3,29,1,Tuesday
2022-04-06,976,2022,4,6,2,Wednesday
2023-07-29,977,2023,7,29,3,Saturday
2022-06-10,978,2022,6,10,2,Friday
2022-03-02,979,2022,3,2,1,Wednesday
2023-12-30,980,2023,12,30,4,Saturday
2022-06-18,981,2022,6,18,2,Saturday
2024-01-08,982,2024,1,8,1,Monday
2024-03-05,983,2024,3,5,1,Tuesday
2023-07-05,984,2023,7,5,3,Wednesday
2024-10-06,985,2024,10,6,4,Sunday
2022-12-09,986,2022,12,9,4,Friday
2023-05-31,987,2023,5,31,2,Wednesday
2023-02-05,988,2023,2,5,1,Sunday
2023-11-06,989,2023,11,6,4,Monday
2022-10-06,990,2022,10,6,4,Thursday
2022-12-30,991,2022,12,30,4,Friday
2023-10-30,992,2023,10,30,4,Monday
2024-12-30,993,2024,12,30,4,Monday
2024-11-03,994,2024,11,3,4,Sunday
2022-01-22,995,2022,1,22,1,Saturday
2024-03-12,996,2024,3,12,1,Tuesday
2023-12-15,997,2023,12,15,4,Friday
2024-07-15,998,2024,7,15,3,Monday
2022-04-02,999,2022,4,2,2,Saturday
2024-06-04,1000,2024,6,4,2,Tuesday
2022-01-10,1001,2022,1,10,1,Monday
2023-02-26,1002,2023,2,26,1,Sunday
2023-06-22,1003,2023,6,22,2,Thursday
2024-03-14,1004,2024,3,14,1,Thursday
2022-08-28,1005,2022,8,28,3,Sunday
2023-01-10,1006,2023,1,10,1,Tuesday
2023-02-04,1007,2023,2,4,1,Saturday
2024-05-26,1008,2024,5,26,2,Sunday
2023-07-30,1009,2023,7,30,3,Sunday
2023-08-23,1010,2023,8,23,3,Wednesday
2024-09-20,1011,2024,9,20,3,Friday
2022-09-04,1012,2022,9,4,3,Sunday
2022-07-02,1013,2022,7,2,3,Saturday
2022-01-18,1014,2022,1,18,1,Tuesday
2022-09-10,1015,2022,9,10,3,Saturday
2023-07-23,1016,2023,7,23,3,Sunday
2024-03-11,1017,2024,3,11,1,Monday
2023-12-12,1018,2023,12,12,4,Tuesday
2024-12-07,1019,2024,12,7,4,Saturday
2023-01-02,1020,2023,1,2,1,Monday
2022-03-14,1021,2022,3,14,1,Monday
2023-08-02,1022,2023,8,2,3,Wednesday
2023-02-15,1023,2023,2,15,1,Wednesday
2023-07-28,1024,2023,7,28,3,Friday
2024-02-02,1025,2024,2,2,1,Friday
2024-03-18,1026,2024,3,18,1,Monday
2023-10-08,1027,2023,10,8,4,Sunday
2024-07-16,1028,2024,7,16,3,Tuesday
2023-02-20,1029,2023,2,20,1,Monday
2022-07-08,1030,2022,7,8,3,Friday
2022-03-12,1031,2022,3,12,1,Saturday
2023-06-30,1032,2023,6,30,2,Friday
2024-09-24,1033,2024,9,24,3,Tuesday
2024-01-01,1034,2024,1,1,1,Monday
2024-02-14,1035,2024,2,14,1,Wednesday
2022-08-02,1036,2022,8,2,3,Tuesday
2022-07-01,1037,2022,7,1,3,Friday
2022-04-09,1038,2022,4,9,2,Saturday
2023-12-02,1039,2023,12,2,4,Saturday
2022-07-16,1040,2022,7,16,3,Saturday
2023-06-13,1041,2023,6,13,2,Tuesday
2022-12-19,1042,2022,12,19,4,Monday
2024-10-03,1043,2024,10,3,4,Thursday
2024-11-23,1044,2024,11,23,4,Saturday
2023-04-04,1045,2023,4,4,2,Tuesday
2024-12-02,1046,2024,12,2,4,Monday
2023-06-16,1047,2023,6,16,2,Friday
2024-08-07,1048,2024,8,7,3,Wednesday
2023-03-05,1049,2023,3,5,1,Sunday
2022-02-06,1050,2022,2,6,1,Sunday
2022-01-09,1051,2022,1,9,1,Sunday
2024-10-27,1052,2024,10,27,4,Sunday
2023-09-19,1053,2023,9,19,3,Tuesday
2023-09-03,1054,2023,9,3,3,Sunday
2023-08-19,1055,2023,8,19,3,Saturday
2022-01-27,1056,2022,1,27,1,Thursday
2022-08-15,1057,2022,8,15,3,Monday
2023-11-05,1058,2023,11,5,4,Sunday
2024-02-29,1059,2024,2,29,1,Thursday
2024-12-05,1060,2024,12,5,4,Thursday
2022-12-31,1061,2022,12,31,4,Saturday
2024-05-04,1062,2024,5,4,2,Saturday
2022-10-25,1063,2022,10,25,4,Tuesday
2022-04-19,1064,2022,4,19,2,Tuesday
2023-02-01,1065,2023,2,1,1,Wednesday
2022-03-25,1066,2022,3,25,1,Friday
2023-10-13,1067,2023,10,13,4,Friday
2023-03-27,1068,2023,3,27,1,Monday
2022-05-25,1069,2022,5,25,2,Wednesday
2022-01-23,1070,2022,1,23,1,Sunday
2023-09-17,1071,2023,9,17,3,Sunday
2022-02-15,1072,2022,2,15,1,Tuesday
2022-10-28,1073,2022,10,28,4,Friday
2024-12-24,1074,2024,12,24,4,Tuesday
2023-01-23,1075,2023,1,23,1,Monday
2023-12-25,1076,2023,12,25,4,Monday
2023-12-31,1077,2023,12,31,4,Sunday
2022-11-16,1078,2022,11,16,4,Wednesday
2023-10-29,1079,2023,10,29,4,Sunday
2022-12-28,1080,2022,12,28,4,Wednesday
2022-06-20,1081,2022,6,20,2,Monday
2023-09-14,1082,2023,9,14,3,Thursday
2022-07-12,1083,2022,7,12,3,Tuesday
2023-03-03,1084,2023,3,3,1,Friday
2022-05-17,1085,2022,5,17,2,Tuesday
2024-07-05,1086,2024,7,5,3,Friday
2023-11-16,1087,2023,11,16,4,Thursday
2023-04-10,1088,2023,4,10,2,Monday
2022-02-19,1089,2022,2,19,1,Saturday
2024-12-11,1090,2024,12,11,4,Wednesday
2022-05-06,1091,2022,5,6,2,Friday
2022-01-30,1092,2022,1,30,1,Sunday
2023-02-24,1093,2023,2,24,1,Friday
2024-11-14,1094,2024,11,14,4,Thursday
2022-08-04,1095,2022,8,4,3,Thursday
2022-01-28,1096,2022,1,28,1,Friday
